filename,width,height,class,xmin,ymin,xmax,ymax
flir_20200823T164420.jpg,1080,1440,head,669,289,771,407
25.jpg,960,1280,head,396,430,517,611
flir_20200822T131727_174.jpg,480,640,head,134,66,192,133
flir_20200827T145015.jpg,480,640,head,94,2,300,228
flir_20200825T115104.jpg,480,640,head,138,114,182,170
flir_20200825T115104.jpg,480,640,head,304,70,361,137
flir_20200818T145903.jpg,640,480,head,190,142,225,188
flir_20200822T125529.jpg,1080,1440,head,633,138,753,329
flir_20200818T150500.jpg,480,640,head,184,157,275,278
flir_20200822T131404_38.jpg,480,640,head,118,76,167,135
flir_20200822T131404_38.jpg,480,640,head,362,95,412,159
flir_20200818T144548.jpg,480,640,head,272,148,339,221
66.jpg,960,1280,head,298,53,540,337
flir_20200822T132353_403.jpg,480,640,head,190,57,330,205
167.jpg,480,640,head,29,87,96,177
flir_20200813T191644.jpg,1080,1440,head,494,257,666,519
flir_20200823T170927.jpg,1080,1440,head,266,148,366,274
flir_20200822T132845_466.jpg,480,640,head,354,246,420,299
flir_20200814T171802.jpg,1080,1440,head,389,394,524,560
flir_20200822T131727_190.jpg,480,640,head,214,50,289,148
129.jpg,480,640,head,77,314,131,372
flir_20200818T150537.jpg,480,640,head,127,53,320,315
29.jpg,960,1280,head,274,246,452,438
83.jpg,960,1280,head,357,277,598,567
flir_20200822T132845_481.jpg,480,640,head,184,195,248,245
flir_20200822T132845_481.jpg,480,640,head,327,275,394,352
flir_20200812T105215.jpg,1440,1080,head,235,66,873,823
flir_20200827T184118.jpg,480,640,head,246,205,341,317
flir_20200814T164956.jpg,1080,1440,head,529,344,656,512
flir_20200823T170917.jpg,1080,1440,head,366,110,526,289
flir_20200823T170917.jpg,1080,1440,head,112,230,223,365
flir_20200823T164055.jpg,1080,1440,head,786,198,910,383
flir_20200827T181916.jpg,480,640,head,137,131,261,281
flir_20200827T181744.jpg,480,640,head,189,125,292,258
flir_20200813T191537.jpg,1080,1440,head,376,353,568,642
22.jpg,960,1280,head,734,402,849,544
flir_20200822T125659.jpg,1080,1440,head,502,228,629,379
flir_20200823T170116.jpg,1080,1440,head,409,95,566,287
38.jpg,960,1280,head,310,392,487,618
flir_20200813T191550.jpg,1080,1440,head,377,206,645,551
flir_20200822T132845_907.jpg,480,640,head,241,248,300,319
149.jpg,480,640,head,158,213,191,258
flir_20200813T191354.jpg,1080,1440,head,606,213,763,422
92.jpg,960,1280,head,136,8,415,314
92.jpg,960,1280,head,610,473,884,842
flir_20200826T103936.jpg,1080,1440,head,264,82,724,710
49.jpg,960,1280,head,225,1,751,426
flir_20200825T115317.jpg,480,640,head,296,1,402,83
143.jpg,480,640,head,97,266,180,367
flir_20200814T165057.jpg,1080,1440,head,153,433,397,725
flir_20200814T165057.jpg,1080,1440,head,569,87,932,504
flir_20200822T132845_243.jpg,480,640,head,315,108,375,179
flir_20200822T132845_243.jpg,480,640,head,443,148,480,206
142.jpg,480,640,head,344,22,456,161
flir_20200823T162054.jpg,1080,1440,head,574,75,689,222
flir_20200823T162054.jpg,1080,1440,head,983,180,1080,294
flir_20200826T104056.jpg,1080,1440,head,414,121,645,401
115.jpg,1080,1440,head,413,455,751,821
flir_20200822T132845_652.jpg,480,640,head,15,181,100,274
flir_20200811T115039.jpg,1080,1440,head,484,214,642,418
flir_20200818T150600.jpg,480,640,head,236,205,270,243
flir_20200825T114901.jpg,480,640,head,302,155,373,237
flir_20200824T113933.jpg,480,640,head,166,173,326,388
flir_20200824T154523.jpg,480,640,head,387,15,419,52
flir_20200813T193748.jpg,1080,1440,head,551,103,812,400
flir_20200814T165102.jpg,1080,1440,head,218,259,441,472
flir_20200822T130233.jpg,1080,1440,head,402,153,591,416
flir_20200822T132032_336.jpg,480,640,head,52,1,187,117
flir_20200822T132032_336.jpg,480,640,head,372,81,475,185
flir_20200811T115110.jpg,1080,1440,head,541,327,721,497
55.jpg,960,1280,head,352,441,484,615
flir_20200822T132845_341.jpg,480,640,head,219,254,277,314
flir_20200822T132845_341.jpg,480,640,head,327,293,369,344
flir_20200813T191320.jpg,1080,1440,head,404,175,560,365
flir_20200823T165646.jpg,1080,1440,head,780,221,995,474
flir_20200823T163239.jpg,1080,1440,head,826,131,954,281
flir_20200822T130504_002.jpg,480,640,head,132,53,218,146
flir_20200818T150409.jpg,640,480,head,317,83,356,126
137.jpg,480,640,head,230,165,329,255
3.jpg,960,1280,head,488,156,613,302
flir_20200822T132845_908.jpg,480,640,head,222,227,299,301
flir_20200824T113909.jpg,480,640,head,147,136,332,345
flir_20200825T115313.jpg,480,640,head,219,68,272,130
flir_20200825T115221.jpg,480,640,head,191,66,234,104
flir_20200825T115221.jpg,480,640,head,332,41,370,96
flir_20200818T150445.jpg,480,640,head,195,80,271,192
flir_20200823T165851.jpg,1080,1440,head,563,189,683,330
127.jpg,480,640,head,317,265,364,322
flir_20200818T144032.jpg,640,480,head,237,56,356,207
flir_20200822T133543_149.jpg,480,640,head,409,331,465,388
flir_20200822T131233_25.jpg,480,640,head,371,95,441,161
flir_20200822T132845_410.jpg,480,640,head,169,258,205,305
flir_20200822T132845_410.jpg,480,640,head,356,252,420,313
152..jpg,480,640,head,128,246,198,321
flir_20200822T130900_42.jpg,480,640,head,269,61,327,131
16.jpg,960,1280,head,474,518,578,664
flir_20200823T165850.jpg,1080,1440,head,501,231,591,344
165.jpg,480,640,head,366,3,469,101
147.jpg,480,640,head,277,138,321,195
flir_20200823T163145.jpg,1080,1440,head,485,125,627,297
30.jpg,960,1280,head,141,354,310,572
76.jpg,960,1280,head,240,203,656,711
65.jpg,960,1280,head,333,314,556,600
69.jpg,960,1280,head,203,140,486,499
flir_20200817T200838.jpg,640,480,head,222,35,397,269
flir_20200826T104017.jpg,1080,1440,head,380,107,739,563
flir_20200822T132845_235.jpg,480,640,head,354,111,412,182
flir_20200814T164959.jpg,1080,1440,head,10,387,186,598
flir_20200814T164959.jpg,1080,1440,head,330,169,574,463
110.jpg,1080,1440,head,422,525,661,822
133.jpg,480,640,head,110,117,259,306
flir_20200822T130504_115.jpg,480,640,head,164,114,227,188
flir_20200818T150349.jpg,640,480,head,469,182,496,214
flir_20200818T150349.jpg,640,480,head,347,154,367,183
flir_20200818T150349.jpg,640,480,head,264,87,306,138
flir_20200818T150349.jpg,640,480,head,246,92,264,133
101.jpg,960,1280,head,340,126,596,483
flir_20200814T165513.jpg,1080,1440,head,529,281,742,530
flir_20200822T131727_192.jpg,480,640,head,52,11,166,142
flir_20200822T131233_28.jpg,480,640,head,112,56,198,145
flir_20200822T131727_329.jpg,480,640,head,94,53,158,126
flir_20200827T145158.jpg,480,640,head,275,77,324,137
flir_20200822T131233_26.jpg,480,640,head,308,81,381,154
flir_20200813T191533.jpg,1080,1440,head,326,397,521,637
flir_20200822T131727_173.jpg,480,640,head,192,75,238,136
flir_20200822T131727_173.jpg,480,640,head,1,25,28,84
flir_20200813T193738.jpg,1080,1440,head,406,324,592,530
flir_20200823T163918.jpg,1080,1440,head,142,363,263,498
flir_20200823T163918.jpg,1080,1440,head,468,259,569,381
flir_20200822T132845_920.jpg,480,640,head,89,217,150,295
158.jpg,480,640,head,331,60,416,150
flir_20200822T132845_543.jpg,480,640,head,283,125,375,245
60.jpg,960,1280,head,318,468,614,863
28.jpg,960,1280,head,294,464,467,623
95.jpg,960,1280,head,360,1,688,284
126.jpg,480,640,head,237,60,347,200
flir_20200822T131404_41.jpg,480,640,head,253,48,307,126
124.jpg,480,640,head,119,97,220,238
flir_20200825T114656.jpg,480,640,head,383,257,464,321
flir_20200825T114656.jpg,480,640,head,198,245,254,309
99.jpg,960,1280,head,305,140,580,508
43.jpg,960,1280,head,36,391,278,661
flir_20200822T132845_326.jpg,480,640,head,3,250,88,344
flir_20200822T132845_411.jpg,480,640,head,192,269,242,327
flir_20200818T145605.jpg,480,640,head,147,71,327,287
flir_20200823T170114.jpg,1080,1440,head,486,206,603,345
flir_20200823T165814.jpg,1080,1440,head,438,245,571,412
flir_20200823T165814.jpg,1080,1440,head,163,245,279,357
flir_20200822T131233_98.jpg,480,640,head,20,49,83,118
flir_20200818T145916.jpg,640,480,head,35,109,152,239
flir_20200818T145916.jpg,640,480,head,523,155,595,244
flir_20200822T131654_19.jpg,480,640,head,1,89,56,160
flir_20200827T144954.jpg,480,640,head,173,65,261,179
flir_20200814T171828.jpg,1080,1440,head,232,47,507,363
flir_20200818T144156.jpg,640,480,head,391,53,589,292
flir_20200818T144156.jpg,640,480,head,601,236,640,308
flir_20200818T144643.jpg,640,480,head,291,84,341,161
9.jpg,960,1280,head,219,321,602,837
21.jpg,960,1280,head,1,300,175,498
flir_20200823T170113.jpg,1080,1440,head,539,177,638,300
flir_20200825T114719.jpg,480,640,head,111,171,198,306
flir_20200822T132845_542.jpg,480,640,head,365,124,444,228
flir_20200813T193743.jpg,1080,1440,head,348,283,526,506
flir_20200822T132845_785.jpg,480,640,head,31,225,98,306
flir_20200818T150141.jpg,640,480,head,110,78,309,320
flir_20200827T145209.jpg,640,480,head,275,107,353,193
flir_20200823T170341.jpg,1080,1440,head,432,1,644,260
flir_20200823T170341.jpg,1080,1440,head,33,109,179,313
flir_20200826T104043.jpg,1080,1440,head,441,85,670,376
45.jpg,960,1280,head,161,1,638,602
flir_20200823T161720.jpg,1080,1440,head,682,210,800,365
54.jpg,960,1280,head,425,484,626,769
flir_20200811T115028.jpg,1080,1440,head,426,51,614,293
flir_20200822T130504_013.jpg,480,640,head,112,73,155,122
flir_20200813T191322.jpg,1080,1440,head,685,74,874,292
166.jpg,480,640,head,7,209,70,285
flir_20200827T145251.jpg,480,640,head,194,64,330,247
flir_20200822T132845_244.jpg,480,640,head,342,80,418,176
flir_20200824T124954.jpg,480,640,head,118,114,247,263
flir_20200822T131233_27.jpg,480,640,head,224,78,301,160
flir_20200822T132353_433.jpg,480,640,head,139,144,197,230
flir_20200822T132845_409.jpg,480,640,head,218,271,250,313
flir_20200822T132845_409.jpg,480,640,head,373,271,427,331
flir_20200818T145702.jpg,480,640,head,255,124,302,187
89.jpg,960,1280,head,306,15,575,353
flir_20200625T164734.jpg,1440,1080,head,175,71,795,748
flir_20200822T130504_270.jpg,480,640,head,112,18,167,90
flir_20200827T144949.jpg,480,640,head,163,87,311,302
flir_20200822T131727_23.jpg,480,640,head,74,44,160,137
flir_20200827T182033.jpg,480,640,head,185,201,314,302
52.jpg,960,1280,head,267,250,503,545
flir_20200823T165218.jpg,1080,1440,head,685,127,826,321
flir_20200823T165218.jpg,1080,1440,head,815,284,898,413
flir_20200813T191536.jpg,1080,1440,head,333,307,541,606
122.jpg,480,640,head,281,15,336,85
64.jpg,960,1280,head,501,385,699,622
flir_20200822T131654_18.jpg,480,640,head,24,128,83,189
flir_20200824T113935.jpg,480,640,head,130,156,293,361
flir_20200822T130504_071.jpg,480,640,head,282,65,375,168
flir_20200824T122145.jpg,480,640,head,159,87,271,241
flir_20200822T133543_150.jpg,480,640,head,388,329,444,389
flir_20200823T162955.jpg,1080,1440,head,562,63,788,275
flir_20200823T162955.jpg,1080,1440,head,110,80,271,236
flir_20200822T132032_284.jpg,480,640,head,244,72,297,146
flir_20200822T132032_284.jpg,480,640,head,211,87,249,134
flir_20200822T132845_241.jpg,480,640,head,318,180,368,233
flir_20200822T132845_241.jpg,480,640,head,444,207,480,254
138.jpg,480,640,head,63,271,164,378
flir_20200822T132353_395.jpg,480,640,head,71,119,112,172
flir_20200822T132353_395.jpg,480,640,head,378,114,480,239
flir_20200822T130504_273.jpg,480,640,head,308,1,386,65
118.jpg,480,640,head,237,56,300,117
flir_20200818T144647.jpg,640,480,head,261,102,321,182
flir_20200818T150429.jpg,640,480,head,199,90,280,194
flir_20200822T130900_43.jpg,480,640,head,132,44,203,133
flir_20200823T162600.jpg,1080,1440,head,201,315,291,453
flir_20200818T150543.jpg,480,640,head,54,1,394,416
flir_20200818T144211.jpg,640,480,head,448,176,505,247
flir_20200818T144211.jpg,640,480,head,30,40,151,160
80.jpg,960,1280,head,276,221,486,494
flir_20200818T150250.jpg,640,480,head,370,126,402,163
flir_20200818T150250.jpg,640,480,head,127,42,172,94
flir_20200818T144040.jpg,640,480,head,398,110,547,274
flir_20200818T144040.jpg,640,480,head,354,210,395,250
flir_20200818T145419.jpg,480,640,head,145,83,181,125
flir_20200814T175902.jpg,1080,1440,head,639,321,760,451
flir_20200827T145110.jpg,640,480,head,294,51,430,220
flir_20200824T124753.jpg,480,640,head,179,164,291,292
flir_20200823T162957.jpg,1080,1440,head,166,183,330,356
flir_20200824T124747.jpg,480,640,head,188,130,318,275
37.jpg,960,1280,head,815,638,944,815
37.jpg,960,1280,head,318,637,475,799
flir_20200827T145023.jpg,480,640,head,66,80,186,222
flir_20200827T182029.jpg,480,640,head,166,128,380,277
17.jpg,960,1280,head,294,591,415,672
17.jpg,960,1280,head,551,556,619,646
flir_20200814T165101.jpg,1080,1440,head,133,253,347,465
112.jpg,1080,1440,head,711,441,951,688
flir_20200813T191424.jpg,1080,1440,head,665,206,916,507
106.jpg,1080,1440,head,347,487,504,639
67.jpg,960,1280,head,388,431,636,726
flir_20200818T144619.jpg,480,640,head,236,226,284,266
flir_20200818T144619.jpg,480,640,head,25,430,52,457
flir_20200823T170130.jpg,1080,1440,head,621,153,748,330
flir_20200822T132353_436.jpg,480,640,head,70,123,144,218
flir_20200822T133543_129.jpg,480,640,head,1,358,75,411
flir_20200822T133543_129.jpg,480,640,head,275,329,338,390
flir_20200823T170135.jpg,1080,1440,head,539,360,662,497
flir_20200819T165435.jpg,1080,1440,head,566,250,608,296
78.jpg,960,1280,head,83,104,352,433
flir_20200822T131404_42.jpg,480,640,head,332,44,397,120
flir_20200813T191332.jpg,1080,1440,head,483,37,706,303
flir_20200827T145155.jpg,480,640,head,254,104,296,157
flir_20200818T150104.jpg,640,480,head,283,126,326,166
flir_20200818T150104.jpg,640,480,head,531,185,615,271
flir_20200823T170926.jpg,1080,1440,head,200,134,315,287
flir_20200827T145108.jpg,640,480,head,294,68,422,237
flir_20200811T115133.jpg,1080,1440,head,463,160,582,306
flir_20200822T132845_559.jpg,480,640,head,311,171,379,257
flir_20200822T132845_559.jpg,480,640,head,433,259,480,319
flir_20200824T124718.jpg,480,640,head,193,80,314,224
flir_20200813T191641.jpg,1080,1440,head,577,301,776,550
flir_20200822T130504_114.jpg,480,640,head,79,117,135,186
59.jpg,960,1280,head,669,287,882,513
flir_20200813T191421.jpg,1080,1440,head,41,289,191,448
flir_20200813T191421.jpg,1080,1440,head,647,380,879,628
flir_20200824T113854.jpg,480,640,head,146,79,325,288
flir_20200825T115521.jpg,480,640,head,150,155,212,246
flir_20200825T115521.jpg,480,640,head,305,83,393,170
flir_20200822T132845_477.jpg,480,640,head,217,223,269,283
flir_20200822T132845_477.jpg,480,640,head,303,287,349,337
flir_20200822T132845_335.jpg,480,640,head,7,276,81,351
flir_20200813T191650.jpg,1080,1440,head,616,459,829,725
flir_20200823T162113.jpg,1080,1440,head,882,136,1004,275
flir_20200822T132845_482.jpg,480,640,head,118,152,194,204
flir_20200822T132845_482.jpg,480,640,head,280,242,355,323
flir_20200818T144722.jpg,480,640,head,186,137,219,172
flir_20200818T144722.jpg,480,640,head,404,84,459,142
flir_20200822T132845_245.jpg,480,640,head,378,13,479,136
flir_20200822T132353_393.jpg,480,640,head,233,169,303,259
88.jpg,960,1280,head,214,46,517,463
flir_20200814T181200.jpg,1080,1440,head,559,180,647,342
flir_20200814T181200.jpg,1080,1440,head,98,280,191,400
flir_20200822T131727_151.jpg,480,640,head,191,65,247,133
flir_20200823T164054.jpg,1080,1440,head,510,253,595,377
flir_20200824T124429.jpg,480,640,head,211,65,318,213
flir_20200813T193733.jpg,1080,1440,head,421,395,551,539
flir_20200813T193733.jpg,1080,1440,head,980,810,1080,982
flir_20200823T164235.jpg,1080,1440,head,647,272,744,410
flir_20200822T132845_571.jpg,480,640,head,44,16,135,126
flir_20200822T132845_571.jpg,480,640,head,377,38,461,120
flir_20200822T132845_558.jpg,480,640,head,298,149,361,224
flir_20200824T154412.jpg,480,640,head,264,63,308,118
13.jpg,960,1280,head,242,579,364,718
flir_20200827T145151.jpg,480,640,head,209,211,250,262
flir_20200822T132032_400.jpg,480,640,head,153,1,346,155
91.jpg,960,1280,head,326,235,548,519
flir_20200822T131727_153.jpg,480,640,head,101,10,182,107
8.jpg,960,1280,head,296,133,622,621
flir_20200823T162349.jpg,1080,1440,head,809,316,1071,569
flir_20200813T191352.jpg,1080,1440,head,865,228,1033,416
flir_20200813T191352.jpg,1080,1440,head,212,368,318,484
flir_20200819T165702.jpg,1080,1440,head,481,199,563,303
flir_20200814T180327.jpg,1080,1440,head,427,301,510,410
flir_20200827T182214.jpg,480,640,head,141,262,232,376
flir_20200827T182214.jpg,480,640,head,349,237,476,484
flir_20200823T163144.jpg,1080,1440,head,86,194,215,353
flir_20200823T163144.jpg,1080,1440,head,642,165,760,321
119.jpg,480,640,head,87,26,133,88
flir_20200822T131727_225.jpg,480,640,head,20,44,87,127
flir_20200824T154218.jpg,640,480,head,206,82,260,145
flir_20200817T200909.jpg,640,480,head,301,150,329,190
flir_20200817T200821.jpg,640,480,head,224,32,293,125
flir_20200818T144753.jpg,480,640,head,175,304,217,359
flir_20200827T181945.jpg,480,640,head,186,171,315,331
107.jpg,1080,1440,head,425,299,627,538
160.jpg,480,640,head,164,199,223,264
flir_20200827T145140.jpg,640,480,head,289,128,373,241
flir_20200827T181845.jpg,480,640,head,195,148,315,301
flir_20200814T164955.jpg,1080,1440,head,230,213,389,415
flir_20200814T164955.jpg,1080,1440,head,807,337,929,497
flir_20200814T165021.jpg,1080,1440,head,354,1,747,507
flir_20200818T144601.jpg,480,640,head,280,96,332,143
26.jpg,960,1280,head,401,333,613,569
flir_20200827T145246.jpg,480,640,head,177,121,264,229
flir_20200822T132353_394.jpg,480,640,head,246,158,332,259
flir_20200822T132032_286.jpg,480,640,head,150,61,221,148
50.jpg,960,1280,head,3,222,352,700
flir_20200818T145909.jpg,640,480,head,424,211,464,262
flir_20200813T191640.jpg,1080,1440,head,585,312,809,591
flir_20200823T164116.jpg,1080,1440,head,442,183,556,351
116.jpg,480,640,head,158,161,216,237
flir_20200822T132845_651.jpg,480,640,head,101,273,156,336
82.jpg,960,1280,head,521,334,696,546
148.jpg,480,640,head,11,257,85,333
flir_20200813T193713.jpg,1080,1440,head,513,263,765,547
flir_20200822T132032_407.jpg,480,640,head,245,1,343,115
flir_20200822T132032_407.jpg,480,640,head,5,197,101,292
flir_20200811T115142.jpg,1080,1440,head,499,157,671,330
2.jpg,960,1280,head,460,23,932,603
flir_20200822T130504_070.jpg,480,640,head,122,84,211,174
flir_20200822T131404_37.jpg,480,640,head,337,109,379,162
flir_20200822T131404_37.jpg,480,640,head,94,91,136,158
flir_20200814T171826.jpg,1080,1440,head,323,201,616,500
flir_20200822T132845_780.jpg,480,640,head,160,251,222,322
flir_20200814T165134.jpg,1080,1440,head,376,219,577,460
flir_20200824T124436.jpg,480,640,head,144,34,260,204
flir_20200822T131727_138.jpg,480,640,head,81,95,154,169
35.jpg,960,1280,head,234,630,407,841
flir_20200825T115142.jpg,480,640,head,241,84,304,152
44.jpg,960,1280,head,383,168,636,472
flir_20200814T165050.jpg,1080,1440,head,553,306,789,586
flir_20200825T115230.jpg,480,640,head,216,89,259,141
125.jpg,480,640,head,195,245,246,310
77.jpg,960,1280,head,334,276,575,614
flir_20200822T132032_287.jpg,480,640,head,110,46,188,143
10.jpg,960,1280,head,274,226,503,521
flir_20200813T191330.jpg,1080,1440,head,465,312,551,433
flir_20200827T181951.jpg,480,640,head,175,159,311,344
flir_20200822T132845_233.jpg,480,640,head,173,137,220,197
flir_20200822T133543_151.jpg,480,640,head,299,346,358,412
flir_20200822T131727_176.jpg,480,640,head,22,31,100,127
113.jpg,1080,1440,head,387,573,677,882
flir_20200824T124518.jpg,480,640,head,225,215,347,328
flir_20200822T132032_335.jpg,480,640,head,235,1,394,135
flir_20200817T203429.jpg,480,640,head,205,117,258,187
153.jpg,480,640,head,313,183,357,246
139.jpg,480,640,head,309,119,474,290
flir_20200823T162945.jpg,1080,1440,head,466,216,604,372
flir_20200823T162945.jpg,1080,1440,head,113,247,224,381
flir_20200813T193734.jpg,1080,1440,head,171,313,304,463
flir_20200813T193734.jpg,1080,1440,head,695,751,866,939
flir_20200825T115107.jpg,480,640,head,86,21,173,138
flir_20200825T115107.jpg,480,640,head,368,90,419,139
93.jpg,960,1280,head,149,249,330,496
flir_20200827T181909.jpg,480,640,head,141,46,384,387
12.jpg,960,1280,head,178,333,413,590
flir_20200823T165643.jpg,1080,1440,head,698,124,832,334
90.jpg,960,1280,head,236,22,568,385
flir_20200811T114954.jpg,1080,1440,head,488,47,662,233
4.jpg,960,1280,head,268,180,569,588
flir_20200822T131727_191.jpg,480,640,head,157,32,236,132
flir_20200822T130900_123.jpg,480,640,head,214,44,285,131
flir_20200823T165508.jpg,1080,1440,head,442,265,545,401
flir_20200823T165508.jpg,1080,1440,head,650,333,748,456
flir_20200822T132353_404.jpg,480,640,head,297,67,425,211
flir_20200823T170210.jpg,1080,1440,head,657,147,794,316
flir_20200825T114644.jpg,480,640,head,48,61,196,269
162.jpg,480,640,head,196,190,250,265
flir_20200823T170416.jpg,1080,1440,head,656,203,803,424
flir_20200814T165006.jpg,1080,1440,head,466,60,730,381
flir_20200823T165730.jpg,1080,1440,head,319,94,413,230
flir_20200813T193732.jpg,1080,1440,head,504,348,624,510
flir_20200823T163919.jpg,1080,1440,head,366,265,497,418
flir_20200823T170534.jpg,1080,1440,head,785,86,916,250
flir_20200827T145019.jpg,480,640,head,82,92,210,246
flir_20200823T165745.jpg,1080,1440,head,498,227,592,354
flir_20200822T132845_761.jpg,480,640,head,14,191,81,272
flir_20200823T162934.jpg,1080,1440,head,216,4,544,425
flir_20200827T181936.jpg,480,640,head,167,188,298,351
flir_20200818T145519.jpg,480,640,head,2,123,43,177
flir_20200814T175858.jpg,1080,1440,head,373,291,485,415
flir_20200827T145243.jpg,480,640,head,205,200,254,260
flir_20200818T145858.jpg,640,480,head,347,144,396,197
flir_20200823T163754.jpg,1080,1440,head,624,139,762,307
flir_20200822T132353_438.jpg,480,640,head,322,148,393,220
flir_20200822T132353_438.jpg,480,640,head,1,59,43,186
flir_20200827T184115.jpg,480,640,head,179,232,284,367
flir_20200826T104211.jpg,1080,1440,head,323,115,983,897
18.jpg,960,1280,head,441,196,660,458
flir_20200814T164953.jpg,1080,1440,head,406,333,541,489
flir_20200822T132845_905.jpg,480,640,head,152,244,195,299
flir_20200822T132845_905.jpg,480,640,head,326,201,404,292
flir_20200822T132032_408.jpg,480,640,head,167,197,297,320
flir_20200822T132032_408.jpg,480,640,head,395,1,480,127
flir_20200813T191639.jpg,1080,1440,head,498,221,704,495
flir_20200814T171608.jpg,1080,1440,head,577,325,665,436
flir_20200814T171608.jpg,1080,1440,head,792,298,882,406
flir_20200814T175912.jpg,1080,1440,head,665,307,774,447
151.jpg,480,640,head,277,73,327,142
flir_20200822T133543_111.jpg,480,640,head,142,287,200,355
68.jpg,960,1280,head,94,54,399,388
flir_20200823T162604.jpg,1080,1440,head,176,200,321,374
flir_20200823T162604.jpg,1080,1440,head,401,194,539,366
flir_20200822T130504_116.jpg,480,640,head,320,101,396,189
flir_20200818T143853.jpg,640,480,head,169,50,292,201
70.jpg,960,1280,head,376,269,583,552
70.jpg,960,1280,head,517,413,663,611
flir_20200827T145214.jpg,480,640,head,148,172,220,268
flir_20200813T191315.jpg,1080,1440,head,316,257,454,401
85.jpg,960,1280,head,371,229,679,583
flir_20200822T125521.jpg,1080,1440,head,489,69,590,193
flir_20200822T132845_413.jpg,480,640,head,103,216,169,299
140.jpg,480,640,head,30,176,146,322
flir_20200824T154306.jpg,640,480,head,148,89,200,150
flir_20200810T114237.jpg,640,480,head,263,102,311,153
flir_20200823T164236.jpg,1080,1440,head,751,201,901,409
flir_20200822T132032_174.jpg,480,640,head,25,114,69,161
flir_20200822T130900_44.jpg,480,640,head,25,31,105,133
105.jpg,960,1280,head,394,54,668,438
flir_20200826T103826.jpg,1080,1440,head,470,141,639,371
flir_20200813T191450.jpg,1080,1440,head,273,7,545,292
flir_20200822T132845_808.jpg,480,640,head,18,138,116,234
flir_20200822T132845_808.jpg,480,640,head,187,285,226,326
flir_20200822T132845_808.jpg,480,640,head,230,292,278,348
flir_20200818T150252.jpg,640,480,head,413,154,441,189
flir_20200818T150252.jpg,640,480,head,189,78,231,126
flir_20200823T162441.jpg,1080,1440,head,366,195,569,422
flir_20200822T132845_922.jpg,480,640,head,330,252,408,335
flir_20200823T162630.jpg,1080,1440,head,263,271,380,421
flir_20200823T163241.jpg,1080,1440,head,566,24,760,241
flir_20200813T191334.jpg,1080,1440,head,292,28,519,295
flir_20200823T162956.jpg,1080,1440,head,177,228,324,406
flir_20200823T162956.jpg,1080,1440,head,776,109,1009,353
flir_20200825T114558.jpg,480,640,head,282,52,339,146
flir_20200827T181921.jpg,480,640,head,173,135,300,302
flir_20200813T191601.jpg,1080,1440,head,436,1,898,595
flir_20200814T165004.jpg,1080,1440,head,324,130,562,454
flir_20200813T191419.jpg,1080,1440,head,251,345,363,487
flir_20200813T191419.jpg,1080,1440,head,682,389,909,639
flir_20200822T133543_130.jpg,480,640,head,48,260,135,357
flir_20200817T203415.jpg,640,480,head,315,76,358,125
132.jpg,480,640,head,407,262,460,329
flir_20200818T145609.jpg,480,640,head,89,118,276,309
flir_20200827T145144.jpg,480,640,head,161,158,251,275
155.jpg,480,640,head,229,198,282,260
flir_20200824T113912.jpg,480,640,head,1,125,160,321
flir_20200822T132845_223.jpg,480,640,head,407,105,469,178
flir_20200824T124941.jpg,480,640,head,172,54,318,230
flir_20200823T165806.jpg,1080,1440,head,701,177,821,347
flir_20200818T144851.jpg,480,640,head,161,23,232,128
flir_20200817T200738.jpg,640,480,head,277,137,319,177
flir_20200822T132032_172.jpg,480,640,head,66,121,103,165
62.jpg,960,1280,head,91,1,449,223
flir_20200814T165017.jpg,1080,1440,head,248,47,762,562
flir_20200823T162112.jpg,1080,1440,head,704,168,798,300
41.jpg,960,1280,head,540,442,686,613
flir_20200822T132845_414.jpg,480,640,head,57,224,132,312
flir_20200822T132845_909.jpg,480,640,head,75,203,155,292
flir_20200825T115038.jpg,480,640,head,234,5,336,125
flir_20200823T165933.jpg,1080,1440,head,262,215,339,330
flir_20200813T193737.jpg,1080,1440,head,285,315,462,537
flir_20200814T171803.jpg,1080,1440,head,460,195,642,474
flir_20200822T132353_405.jpg,480,640,head,288,59,413,196
flir_20200822T130504_269.jpg,480,640,head,74,28,131,91
flir_20200822T132845_334.jpg,480,640,head,127,297,185,366
flir_20200823T165134.jpg,1080,1440,head,295,342,438,507
123.jpg,480,640,head,294,73,355,142
flir_20200824T124430.jpg,480,640,head,224,84,328,234
flir_20200818T143936.jpg,640,480,head,530,169,604,240
flir_20200827T145002.jpg,480,640,head,127,46,234,160
flir_20200813T193712.jpg,1080,1440,head,379,269,609,544
flir_20200822T131404_40.jpg,480,640,head,212,65,256,124
flir_20200818T150020.jpg,640,480,head,192,163,250,249
flir_20200818T150020.jpg,640,480,head,488,105,634,268
flir_20200822T132032_173.jpg,480,640,head,39,118,81,165
flir_20200818T150545.jpg,480,640,head,103,43,469,501
flir_20200813T191559.jpg,1080,1440,head,612,154,1016,706
flir_20200818T150048.jpg,640,480,head,238,138,273,181
flir_20200818T150048.jpg,640,480,head,141,118,169,155
flir_20200818T150048.jpg,640,480,head,413,152,484,231
flir_20200824T124440.jpg,480,640,head,143,142,224,249
144.jpg,480,640,head,348,13,431,115
flir_20200814T180341.jpg,1080,1440,head,697,487,803,615
flir_20200818T150438.jpg,640,480,head,367,198,456,315
flir_20200824T122156.jpg,480,640,head,159,106,291,269
flir_20200813T191449.jpg,1080,1440,head,174,121,365,339
flir_20200814T175732.jpg,1080,1440,head,238,77,416,284
flir_20200823T165716.jpg,1080,1440,head,882,215,991,354
flir_20200823T161454.jpg,1080,1440,head,719,15,841,203
flir_20200822T130504_035.jpg,480,640,head,233,99,293,187
flir_20200824T113917.jpg,480,640,head,149,99,314,288
flir_20200813T191534.jpg,1080,1440,head,339,322,518,583
103.jpg,960,1280,head,161,141,438,437
flir_20200818T144720.jpg,480,640,head,220,154,255,195
flir_20200818T144720.jpg,480,640,head,416,126,445,161
flir_20200826T104101.jpg,1080,1440,head,454,79,729,385
flir_20200827T145249.jpg,480,640,head,132,77,279,267
102.jpg,960,1280,head,357,240,652,569
flir_20200813T193744.jpg,1080,1440,head,491,198,669,466
flir_20200824T113949.jpg,480,640,head,107,102,293,321
flir_20200822T131727_224.jpg,480,640,head,25,48,95,130
flir_20200822T131404_161.jpg,480,640,head,367,118,424,193
flir_20200822T131727_328.jpg,480,640,head,64,52,132,127
flir_20200824T154629.jpg,640,480,head,213,85,259,135
flir_20200817T203426.jpg,480,640,head,336,6,449,137
flir_20200823T163349.jpg,1080,1440,head,348,166,494,345
flir_20200823T161821.jpg,1080,1440,head,373,200,512,365
flir_20200822T132032_275.jpg,480,640,head,209,96,248,145
flir_20200822T132032_275.jpg,480,640,head,264,93,314,150
134.jpg,480,640,head,21,336,54,381
flir_20200827T145202.jpg,480,640,head,148,82,204,141
flir_20200813T191429.jpg,1080,1440,head,280,360,526,610
flir_20200818T150215.jpg,640,480,head,208,89,235,126
flir_20200822T132845_638.jpg,480,640,head,97,234,144,306
flir_20200818T145644.jpg,480,640,head,270,77,332,147
flir_20200822T130740_06.jpg,480,640,head,343,93,403,165
flir_20200823T170129.jpg,1080,1440,head,553,277,647,415
flir_20200814T165001.jpg,1080,1440,head,610,387,763,598
flir_20200813T193741.jpg,1080,1440,head,456,341,609,513
163.jpg,480,640,head,269,138,318,200
flir_20200813T191631.jpg,1080,1440,head,385,297,632,634
flir_20200822T131404_198.jpg,480,640,head,401,107,469,180
flir_20200817T200913.jpg,640,480,head,245,63,301,131
flir_20200822T132845_483.jpg,480,640,head,85,229,177,328
flir_20200822T132845_572.jpg,480,640,head,76,85,170,197
flir_20200822T132845_572.jpg,480,640,head,386,91,475,180
84.jpg,960,1280,head,392,53,591,317
flir_20200822T132353_434.jpg,480,640,head,128,163,194,248
flir_20200823T165049.jpg,1080,1440,head,56,209,153,330
flir_20200822T132032_399.jpg,480,640,head,1,5,144,153
flir_20200813T191622.jpg,1080,1440,head,157,86,488,501
157.jpg,480,640,head,110,251,154,303
flir_20200813T191646.jpg,1080,1440,head,616,42,838,375
168.jpg,480,640,head,247,110,308,177
flir_20200825T115031.jpg,480,640,head,195,161,288,259
flir_20200826T104004.jpg,1080,1440,head,439,68,601,271
20.jpg,960,1280,head,587,435,676,535
48.jpg,960,1280,head,279,76,761,554
flir_20200823T165133.jpg,1080,1440,head,491,331,603,489
flir_20200826T104225.jpg,1080,1440,head,164,1,770,704
flir_20200823T162627.jpg,1080,1440,head,113,227,227,365
flir_20200823T162627.jpg,1080,1440,head,398,245,494,366
120.jpg,480,640,head,249,1,319,53
flir_20200826T103928.jpg,1080,1440,head,321,82,757,696
flir_20200814T165055.jpg,1080,1440,head,376,75,745,530
flir_20200823T164027.jpg,1080,1440,head,748,241,853,392
81.jpg,960,1280,head,337,256,614,646
156.jpg,480,640,head,218,241,268,309
flir_20200824T122200.jpg,480,640,head,167,80,291,252
flir_20200822T131727_152.jpg,480,640,head,161,57,225,134
flir_20200823T170614.jpg,1080,1440,head,760,218,891,360
flir_20200814T164951.jpg,1080,1440,head,110,294,263,459
flir_20200814T164951.jpg,1080,1440,head,666,222,803,381
74.jpg,960,1280,head,448,475,634,646
136.jpg,480,640,head,235,148,371,303
flir_20200822T132845_222.jpg,480,640,head,377,130,426,191
flir_20200813T191451.jpg,1080,1440,head,6,1,513,380
flir_20200824T124517.jpg,480,640,head,178,257,302,372
flir_20200823T170930.jpg,1080,1440,head,230,80,376,259
flir_20200823T161820.jpg,1080,1440,head,486,166,583,281
flir_20200814T165009.jpg,1080,1440,head,233,1,549,312
flir_20200826T104031.jpg,1080,1440,head,358,112,685,590
flir_20200822T131727_175.jpg,480,640,head,75,42,139,118
27.jpg,960,1280,head,288,298,436,492
flir_20200827T145253.jpg,480,640,head,167,124,262,247
109.jpg,1080,1440,head,330,112,628,487
flir_20200822T132032_285.jpg,480,640,head,219,75,274,151
135.jpg,480,640,head,264,255,322,326
flir_20200822T132845_242.jpg,480,640,head,316,137,362,194
flir_20200822T132845_242.jpg,480,640,head,448,163,480,214
flir_20200824T113941.jpg,480,640,head,64,102,243,321
flir_20200811T115101.jpg,1080,1440,head,548,218,674,377
flir_20200822T132845_342.jpg,480,640,head,301,246,365,320
flir_20200822T132845_342.jpg,480,640,head,367,295,416,344
flir_20200825T114620.jpg,480,640,head,121,157,170,216
flir_20200825T114620.jpg,480,640,head,239,193,273,228
flir_20200822T130504_272.jpg,480,640,head,207,1,282,73
19.jpg,960,1280,head,364,373,513,581
flir_20200824T124950.jpg,480,640,head,162,78,294,237
flir_20200823T162858.jpg,1080,1440,head,419,218,563,392
flir_20200817T200827.jpg,640,480,head,276,19,349,96
47.jpg,960,1280,head,179,287,575,665
98.jpg,960,1280,head,295,73,560,357
146.jpg,480,640,head,248,160,291,225
flir_20200824T124426.jpg,480,640,head,182,159,268,291
flir_20200823T170913.jpg,1080,1440,head,610,218,721,389
flir_20200823T170913.jpg,1080,1440,head,430,450,524,559
flir_20200824T154111.jpg,640,480,head,499,22,635,183
150.jpg,480,640,head,262,187,310,255
flir_20200826T104026.jpg,1080,1440,head,426,134,752,535
94.jpg,960,1280,head,305,260,498,530
flir_20200823T165057.jpg,1080,1440,head,423,245,556,422
159.jpg,480,640,head,152,219,197,262
130.jpg,480,640,head,86,164,134,222
flir_20200824T113946.jpg,480,640,head,59,185,225,377
14.jpg,960,1280,head,26,538,119,652
42.jpg,960,1280,head,428,296,626,515
flir_20200822T132845_813.jpg,480,640,head,362,221,433,304
flir_20200822T130044.jpg,1080,1440,head,330,105,471,254
flir_20200822T130044.jpg,1080,1440,head,586,247,654,321
flir_20200822T130044.jpg,1080,1440,head,875,223,992,338
flir_20200822T130044.jpg,1080,1440,head,986,215,1039,293
flir_20200826T104021.jpg,1080,1440,head,423,84,780,528
flir_20200814T180330.jpg,1080,1440,head,460,92,554,236
flir_20200822T132032_283.jpg,480,640,head,229,56,272,119
flir_20200814T171830.jpg,1080,1440,head,109,360,298,571
flir_20200823T164334.jpg,1080,1440,head,413,219,580,406
flir_20200817T201002.jpg,640,480,head,321,48,397,137
flir_20200823T161824.jpg,1080,1440,head,476,363,592,494
flir_20200823T161824.jpg,1080,1440,head,807,222,944,380
87.jpg,960,1280,head,291,411,451,583
flir_20200823T162124.jpg,1080,1440,head,12,181,129,315
flir_20200813T191600.jpg,1080,1440,head,298,142,826,716
57.jpg,960,1280,head,264,177,574,487
flir_20200822T131404_39.jpg,480,640,head,168,73,207,128
flir_20200822T131404_39.jpg,480,640,head,406,88,458,155
32.jpg,960,1280,head,467,465,618,634
114.jpg,1080,1440,head,445,578,670,838
flir_20200822T132032_404.jpg,480,640,head,1,51,69,133
flir_20200827T145009.jpg,480,640,head,188,121,286,250
flir_20200826T104052.jpg,1080,1440,head,405,56,658,401
39.jpg,960,1280,head,333,498,515,713
23.jpg,960,1280,head,424,356,549,526
flir_20200826T104219.jpg,1080,1440,head,216,318,669,822
flir_20200823T161651.jpg,1080,1440,head,736,81,842,239
flir_20200823T161651.jpg,1080,1440,head,889,160,1007,313
flir_20200826T103940.jpg,1080,1440,head,251,90,760,756
flir_20200822T125952.jpg,1080,1440,head,4,285,239,617
flir_20200822T125952.jpg,1080,1440,head,841,372,924,475
flir_20200822T125952.jpg,1080,1440,head,992,343,1080,467
flir_20200818T144421.jpg,480,640,head,130,200,181,243
154.jpg,480,640,head,44,206,114,290
flir_20200826T104048.jpg,1080,1440,head,423,84,667,378
flir_20200813T191541.jpg,1080,1440,head,300,337,500,630
145.jpg,480,640,head,357,171,421,246
33.jpg,960,1280,head,349,558,519,777
flir_20200822T132845_340.jpg,480,640,head,148,258,199,312
flir_20200822T132845_340.jpg,480,640,head,287,289,320,334
flir_20200827T144956.jpg,480,640,head,109,32,198,140
flir_20200822T131727_172.jpg,480,640,head,210,84,258,143
flir_20200822T131727_172.jpg,480,640,head,13,34,60,87
flir_20200826T103947.jpg,1080,1440,head,266,57,773,840
flir_20200822T130504_271.jpg,480,640,head,152,1,228,73
flir_20200827T181913.jpg,480,640,head,195,146,309,306
flir_20200826T104253.jpg,1080,1440,head,392,125,633,462
161.jpg,480,640,head,406,126,464,191
flir_20200814T165039.jpg,1080,1440,head,376,250,656,483
flir_20200822T131233_96.jpg,480,640,head,118,69,167,132
40.jpg,960,1280,head,1,344,168,576
104.jpg,960,1280,head,372,106,645,437
flir_20200825T115251.jpg,480,640,head,38,41,105,106
flir_20200822T131233_97.jpg,480,640,head,73,65,126,127
121.jpg,480,640,head,109,169,169,233
flir_20200814T180942.jpg,1080,1440,head,382,427,595,642
flir_20200813T191626.jpg,1080,1440,head,85,9,645,630
